{
	"Stage": {
		"00": {
			"Angle": 0.0,
			"MaxSpeed": 5.0,
			"MinSpeed": 0.5,
			"Position": [
				1.600000023841858,
				0.0,
				-3.0
			]
		},
		"01": {
			"Angle": 0.0,
			"MaxSpeed": 5.0,
			"MinSpeed": 0.5,
			"Position": [
				1.5,
				0.5,
				-1.2000000476837158
			]
		},
		"02": {
			"Angle": 0.0,
			"MaxSpeed": 5.0,
			"MinSpeed": 0.20000000298023224,
			"Position": [
				4.0,
				1.600000023841858,
				0.5
			]
		},
		"03": {
			"Angle": 0.0,
			"MaxSpeed": 5.0,
			"MinSpeed": 0.5,
			"Position": [
				4.800000190734863,
				2.200000047683716,
				0.0
			]
		},
		"04": {
			"Angle": 0.1599999964237213,
			"MaxSpeed": 5.0,
			"MinSpeed": 0.6399999856948853,
			"Position": [
				10.0,
				1.0,
				0.0
			]
		},
		"05": {
			"Angle": -0.10000000149011612,
			"MaxSpeed": 1.0,
			"MinSpeed": 1.0,
			"Position": [
				15.0,
				5.0,
				0.25
			]
		},
		"06": {
			"Angle": 0.05000000074505806,
			"MaxSpeed": 5.010000228881836,
			"MinSpeed": 0.5299999713897705,
			"Position": [
				10.0,
				10.0,
				0.5
			]
		},
		"07": {
			"Angle": 0.0,
			"MaxSpeed": 5.139999866485596,
			"MinSpeed": 1.4299999475479126,
			"Position": [
				5.0,
				5.0,
				0.75
			]
		},
		"08": {
			"Angle": 0.0,
			"MaxSpeed": 6.099999904632568,
			"MinSpeed": 1.7100000381469727,
			"Position": [
				10.0,
				0.0,
				1.0
			]
		},
		"09": {
			"Angle": 0.0,
			"MaxSpeed": 5.0,
			"MinSpeed": 1.2000000476837158,
			"Position": [
				15.0,
				0.0,
				1.0
			]
		},
		"10": {
			"Angle": 0.0,
			"MaxSpeed": 5.0,
			"MinSpeed": 1.2000000476837158,
			"Position": [
				16.799999237060547,
				0.0,
				4.0
			]
		},
		"11": {
			"Angle": 0.0,
			"MaxSpeed": 0.0,
			"MinSpeed": 0.0,
			"Position": [
				16.0,
				2.9000000953674316,
				16.200000762939453
			]
		},
		"12": {
			"Angle": 0.0,
			"MaxSpeed": 0.0,
			"MinSpeed": 0.0,
			"Position": [
				16.0,
				3.0,
				28.899999618530273
			]
		}
	}
}