{
	"Stage": {
		"00": {
			"Angle": 0.0,
			"MaxSpeed": 2.0,
			"MinSpeed": 1.0,
			"Position": [
				0.0,
				0.0,
				-5.0
			]
		},
		"01": {
			"Angle": 0.0,
			"MaxSpeed": 2.0,
			"MinSpeed": 1.0,
			"Position": [
				0.0,
				0.0,
				0.0
			]
		},
		"02": {
			"Angle": 0.0,
			"MaxSpeed": 2.0,
			"MinSpeed": 1.0,
			"Position": [
				0.0,
				15.0,
				7.0
			]
		},
		"03": {
			"Angle": 0.0,
			"MaxSpeed": 2.0,
			"MinSpeed": 1.0,
			"Position": [
				0.0,
				16.0,
				10.0
			]
		},
		"04": {
			"Angle": -0.6100000143051147,
			"MaxSpeed": 2.0,
			"MinSpeed": 0.0,
			"Position": [
				0.7599999904632568,
				15.5,
				11.579999923706055
			]
		},
		"05": {
			"Angle": 0.0,
			"MaxSpeed": 2.0,
			"MinSpeed": 0.0,
			"Position": [
				2.0,
				15.0,
				12.0
			]
		},
		"06": {
			"Angle": 0.0,
			"MaxSpeed": 2.0,
			"MinSpeed": 0.0,
			"Position": [
				3.2899999618530273,
				14.5,
				11.579999923706055
			]
		},
		"07": {
			"Angle": 0.0,
			"MaxSpeed": 2.0,
			"MinSpeed": 0.0,
			"Position": [
				4.0,
				14.0,
				10.0
			]
		},
		"08": {
			"Angle": 0.0,
			"MaxSpeed": 2.0,
			"MinSpeed": 0.0,
			"Position": [
				3.390000104904175,
				13.5,
				8.739999771118164
			]
		},
		"09": {
			"Angle": -0.23999999463558197,
			"MaxSpeed": 2.0,
			"MinSpeed": 0.0,
			"Position": [
				2.0,
				13.0,
				8.0
			]
		},
		"10": {
			"Angle": 0.0,
			"MaxSpeed": 5.0,
			"MinSpeed": 0.0,
			"Position": [
				0.0,
				12.739999771118164,
				8.270000457763672
			]
		},
		"11": {
			"Angle": 0.0,
			"MaxSpeed": 5.0,
			"MinSpeed": 0.0,
			"Position": [
				-1.6200000047683716,
				12.5,
				10.479999542236328
			]
		},
		"12": {
			"Angle": -0.3100000023841858,
			"MaxSpeed": 5.0,
			"MinSpeed": 0.0,
			"Position": [
				0.0,
				12.0,
				14.0
			]
		},
		"13": {
			"Angle": 0.0,
			"MaxSpeed": 5.0,
			"MinSpeed": 0.0,
			"Position": [
				4.889999866485596,
				11.0,
				12.5
			]
		},
		"14": {
			"Angle": 0.0,
			"MaxSpeed": 5.0,
			"MinSpeed": 0.0,
			"Position": [
				4.150000095367432,
				9.0,
				9.289999961853027
			]
		},
		"15": {
			"Angle": -0.3799999952316284,
			"MaxSpeed": 5.0,
			"MinSpeed": 0.0,
			"Position": [
				-0.2639999985694885,
				6.458000183105469,
				8.569000244140625
			]
		},
		"16": {
			"Angle": 0.03999999910593033,
			"MaxSpeed": 5.0,
			"MinSpeed": 0.0,
			"Position": [
				-3.888000011444092,
				3.3529999256134033,
				13.211000442504883
			]
		},
		"17": {
			"Angle": 0.03999999910593033,
			"MaxSpeed": 5.0,
			"MinSpeed": 3.0,
			"Position": [
				-5.63700008392334,
				-0.2240000069141388,
				19.66200065612793
			]
		},
		"18": {
			"Angle": 0.2199999988079071,
			"MaxSpeed": 5.0,
			"MinSpeed": 3.0,
			"Position": [
				-7.0,
				0.0,
				23.0
			]
		},
		"19": {
			"Angle": -0.14000000059604645,
			"MaxSpeed": 5.0,
			"MinSpeed": 3.0,
			"Position": [
				-8.253999710083008,
				4.864999771118164,
				25.525999069213867
			]
		},
		"20": {
			"Angle": 0.10999999940395355,
			"MaxSpeed": 5.0,
			"MinSpeed": 3.0,
			"Position": [
				-6.802999973297119,
				7.493000030517578,
				21.589000701904297
			]
		},
		"21": {
			"Angle": 0.03999999910593033,
			"MaxSpeed": 5.0,
			"MinSpeed": 3.0,
			"Position": [
				-6.0,
				5.0,
				18.0
			]
		},
		"22": {
			"Angle": 0.03999999910593033,
			"MaxSpeed": 5.0,
			"MinSpeed": 3.0,
			"Position": [
				-7.0,
				1.0,
				20.0
			]
		},
		"23": {
			"Angle": 0.03999999910593033,
			"MaxSpeed": 5.0,
			"MinSpeed": 4.0,
			"Position": [
				-10.0,
				1.0,
				27.0
			]
		},
		"24": {
			"Angle": 0.03999999910593033,
			"MaxSpeed": 5.0,
			"MinSpeed": 4.0,
			"Position": [
				-7.0,
				4.0,
				31.0
			]
		},
		"25": {
			"Angle": 0.03999999910593033,
			"MaxSpeed": 5.0,
			"MinSpeed": 4.0,
			"Position": [
				-4.519999980926514,
				5.4029998779296875,
				28.70800018310547
			]
		},
		"26": {
			"Angle": -0.019999999552965164,
			"MaxSpeed": 5.0,
			"MinSpeed": 4.0,
			"Position": [
				-3.447999954223633,
				5.567999839782715,
				24.305999755859375
			]
		},
		"27": {
			"Angle": -0.03999999910593033,
			"MaxSpeed": 5.0,
			"MinSpeed": 4.0,
			"Position": [
				-6.0,
				3.5,
				22.0
			]
		},
		"28": {
			"Angle": -0.009999999776482582,
			"MaxSpeed": 5.0,
			"MinSpeed": 4.0,
			"Position": [
				-12.451000213623047,
				2.2119998931884766,
				19.0
			]
		},
		"29": {
			"Angle": 0.05999999865889549,
			"MaxSpeed": 5.0,
			"MinSpeed": 4.0,
			"Position": [
				-17.299999237060547,
				0.8080000281333923,
				12.875
			]
		},
		"30": {
			"Angle": 0.03999999910593033,
			"MaxSpeed": 5.0,
			"MinSpeed": 4.0,
			"Position": [
				-18.0,
				0.0,
				-5.0
			]
		},
		"31": {
			"Angle": -0.09000000357627869,
			"MaxSpeed": 5.0,
			"MinSpeed": 4.0,
			"Position": [
				-14.852999687194824,
				0.0,
				-9.751999855041504
			]
		},
		"32": {
			"Angle": 0.019999999552965164,
			"MaxSpeed": 5.0,
			"MinSpeed": 4.0,
			"Position": [
				-9.0,
				0.0,
				-10.0
			]
		},
		"33": {
			"Angle": 0.0,
			"MaxSpeed": 4.0,
			"MinSpeed": 3.0,
			"Position": [
				-3.700000047683716,
				0.0,
				-9.0
			]
		},
		"34": {
			"Angle": -0.03999999910593033,
			"MaxSpeed": 3.0,
			"MinSpeed": 2.0,
			"Position": [
				-0.20000000298023224,
				0.0,
				-7.5
			]
		},
		"35": {
			"Angle": -0.03999999910593033,
			"MaxSpeed": 0.10000000149011612,
			"MinSpeed": 0.10000000149011612,
			"Position": [
				-0.25,
				0.0,
				-4.099999904632568
			]
		}
	}
}