{
	"vertical": {
		"Controls": {
			"00": [
				0.0,
				0.0,
				0.0
			],
			"01": [
				1.1399999856948853,
				0.0,
				0.0
			],
			"02": [
				2.740000009536743,
				0.0,
				0.0
			],
			"03": [
				3.990000009536743,
				3.0999999046325684,
				0.0
			]
		},
		"Time": 15.0
	}
}