{
	"WorldInstance": {
		"Rotation": {
			"W": 0.9998477697372437,
			"XYZ": {
				"X": 0.017452439293265343,
				"Y": 0.0,
				"Z": 0.0
			}
		},
		"Scale": {
			"X": 1.0,
			"Y": 1.0,
			"Z": 1.0
		},
		"Translate": {
			"X": 0.0,
			"Y": 3.4000000953674316,
			"Z": -16.399999618530273
		}
	}
}